,Weekday Entries 0-4 am,Weekday Entries 4-8 am,Weekday Entries 8-12 pm,Weekday Entries 12-4 pm,Weekday Entries 4-8 pm,Weekday Entries 8-12 am,Weekend Entries 0-4 am,Weekend Entries 4-8 am,Weekend Entries 8-12 pm,Weekend Entries 12-4 pm,Weekend Entries 4-8 pm,Weekend Entries 8-12 am,Weekday Exits 0-4 am,Weekday Exits 4-8 am,Weekday Exits 8-12 pm,Weekday Exits 12-4 pm,Weekday Exits 4-8 pm,Weekday Exits 8-12 am,Weekend Exits 0-4 am,Weekend Exits 4-8 am,Weekend Exits 8-12 pm,Weekend Exits 12-4 pm,Weekend Exits 4-8 pm,Weekend Exits 8-12 am
59 ST,1334,7154,15292,16655,32353,9690,1729,2836,7722,11858,13198,6933,1023,9265,22857,11622,13282,4658,1227,2596,7662,9183,7737,4455
5 AV/59 ST,586,418,1601,5140,7053,3698,35,269,1176,3201,4183,2363,148,3138,4502,2664,1794,671,31,899,2346,2693,1597,523
57 ST-7 AV,844,1143,5044,6823,16815,6667,1443,530,3683,5710,7537,5341,188,3018,9527,3837,4076,1456,396,1412,3465,4347,3981,1892
49 ST,828,644,3515,4610,12580,5889,1407,417,2524,3662,5066,4878,277,3272,8810,4177,5217,1785,519,967,2642,3721,4199,2437
TIMES SQ-42 ST,3678,5648,14784,17593,46960,21404,6971,2051,8056,13184,18318,19381,1060,9217,36515,17590,23524,7140,1887,3169,11545,17807,21419,11937
34 ST-HERALD SQ,1920,7155,22760,23330,54582,18306,4188,2007,8461,18815,26120,16969,818,10884,40329,22412,31644,8665,1957,3657,15420,19999,17422,12104
28 ST,1244,3285,8046,11897,20380,8472,978,920,3319,5555,5596,3507,506,6398,14427,10044,10632,3967,462,1853,5238,6456,5758,3723
23 ST,2255,6584,21184,26511,49864,19887,2621,1492,7175,17588,19079,9802,885,11033,30940,18783,22032,7148,1044,3002,10235,14774,10330,5364
14 ST-UNION SQ,4198,8133,13823,23543,36586,21264,2538,2563,8734,19431,21917,15620,1517,14423,23899,20760,20711,9021,799,4031,13375,18995,16449,9048
8 ST-NYU,421,810,3963,3011,5738,3150,1336,350,1304,3400,4092,3111,151,624,3219,2234,4229,1423,474,280,1777,2767,3038,2129
PRINCE ST,198,261,1875,3213,6459,2341,580,151,950,3933,5424,2577,123,842,4699,3321,4005,809,271,415,2988,4650,3928,1412
CANAL ST,1738,2370,9986,18063,32177,12634,1174,1197,5868,15316,17335,9683,685,6787,22197,13273,10675,3873,573,2544,10177,12297,9791,4531
CITY HALL,62,189,1203,1992,3803,882,105,52,470,1381,1178,695,13,593,1878,927,696,273,30,98,537,604,489,152
CORTLANDT ST,313,1522,2610,4307,7950,3145,117,522,2183,5038,5388,2729,177,3543,4274,3002,3192,1349,126,502,2061,3286,2696,1409
RECTOR ST,118,882,4112,3662,7786,1385,291,297,1933,3414,3709,1468,81,1016,4005,1596,1827,726,159,231,1089,1320,1151,925
WHITEHALL S-FRY,304,1929,2645,4637,7431,2757,173,867,2224,4470,5265,2461,360,4392,5842,4125,3401,1514,306,1140,3722,4269,3149,1869
DELANCEY/ESSEX,1032,3868,4672,5945,6147,3717,1243,1374,3014,4842,4937,3864,539,2818,3544,3757,4922,2602,478,1192,2895,3797,3820,2922
BOWERY,232,137,532,754,1341,786,473,98,324,867,1241,824,40,234,898,548,752,261,143,183,854,887,810,472
CHAMBERS ST,646,2440,9727,15384,31465,7033,1145,744,2877,7098,7235,4322,367,6936,22172,10132,8838,2427,846,1271,7671,8627,6969,3385
FULTON ST,1888,7599,13785,22998,40018,14728,423,1208,3959,8100,9527,5933,1385,17372,29696,15789,14438,6032,329,1545,4405,5446,5098,2860
BROAD ST,176,240,613,1927,3769,1501,87,135,475,994,1258,723,31,937,1078,560,240,129,48,160,467,514,312,179
7 AV,879,6460,8197,9004,12058,5444,389,1312,4250,5904,5997,4258,951,6674,9151,7440,8849,4591,408,1655,3686,5509,5364,3697
PARK PLACE,84,517,938,1303,2464,551,111,185,527,942,894,570,80,794,1961,976,967,516,78,220,599,684,642,402
BOTANIC GARDEN,33,241,304,509,357,108,16,62,171,331,254,117,74,283,479,511,578,317,40,104,371,501,438,298
PROSPECT PARK,129,2075,4130,1981,1892,701,197,640,1825,2575,2470,1152,442,453,1218,1772,3899,2265,718,292,1168,2054,2345,1576
PARKSIDE AV,173,1807,1654,1217,949,447,69,555,1156,1444,1241,676,322,289,423,802,1453,1086,220,238,431,788,1062,905
CHURCH AV,550,10081,12262,6891,6005,2231,446,3233,6524,6575,5291,2552,1092,1430,3315,5073,10688,5245,1737,848,2568,3781,5224,4211
BEVERLEY ROAD,48,861,1232,583,510,191,48,267,644,636,478,251,174,123,220,566,1277,710,293,95,235,437,659,604
CORTELYOU RD,54,1723,2464,1059,977,395,93,518,1265,1307,984,491,71,128,305,473,651,346,102,82,239,355,453,425
NEWKIRK PLAZA,209,3374,3087,2254,1568,623,73,966,1876,1975,1332,606,589,616,1010,2120,3673,2336,290,344,715,1270,1849,1480
AVENUE H,20,716,1029,597,557,160,23,216,473,512,355,190,86,151,398,451,834,493,165,65,164,342,437,388
AVENUE J,51,1318,2190,1257,1293,412,72,451,940,941,776,380,84,300,645,643,1041,527,121,115,215,388,532,442
AVENUE M,28,1212,2039,1496,1336,322,41,337,738,742,612,267,39,252,663,504,663,315,35,63,207,255,322,273
KINGS HWY,287,8597,9796,5733,5242,1639,164,2261,4327,4340,3474,1417,667,1631,3847,4949,10616,4402,873,828,1875,2811,4016,2855
AVENUE U,200,3550,3112,2158,1771,661,83,1423,2348,2154,1603,680,229,527,793,1287,2207,1168,146,302,587,894,1199,895
NECK RD,36,1481,1745,605,624,201,38,445,869,687,526,238,22,15,93,211,696,214,49,29,49,143,219,214
SHEEPSHEAD BAY,302,4931,3743,2635,2274,984,113,974,1833,1917,1510,796,434,1128,1656,2658,4703,2463,256,562,1036,1559,1962,1375
BRIGHTON BEACH,112,2662,3442,3263,3733,1338,116,832,1752,2322,2510,1112,198,549,2086,2689,3187,1184,233,246,1244,1566,1511,884
OCEAN PKWY,31,783,918,784,804,273,51,213,553,723,651,279,42,105,354,422,610,175,72,77,296,422,381,212
BOROUGH HALL,334,2070,10147,9582,13301,3259,629,333,2182,4037,3867,2354,168,2746,8471,4747,6668,2025,330,564,2520,3160,2888,1507
JAY ST-METROTEC,525,2176,7763,11094,18216,3829,888,924,3325,6154,5796,3348,276,3301,9612,4499,4537,1856,583,751,2768,3357,3603,2194
DEKALB AV,380,5002,10891,6430,7998,2478,684,1694,5119,6038,4975,2781,397,1227,2628,2170,3794,1926,644,519,1445,1937,2313,1338
ATL AV-BARCLAY,610,5639,12803,7933,10973,4620,3303,1239,4280,7898,8769,6841,535,3043,7248,7618,16006,4403,1236,1348,5076,8073,9554,5347
UNION ST,87,853,2576,1000,1472,638,114,48,181,399,418,362,93,514,901,861,2081,943,204,143,502,644,722,535
4AV-9 ST,108,1767,4462,1933,2831,976,176,279,1394,1900,1822,1580,171,1119,1633,1354,2872,1192,312,365,979,1357,1284,991
25 ST,64,988,1993,964,1419,344,45,153,454,555,495,242,176,667,915,672,1397,753,257,140,314,467,467,441
36 ST,346,3265,3747,4408,5503,2091,206,1533,2726,3438,2935,1579,475,1925,2522,2215,2395,1448,352,901,1550,2081,2227,1617
45 ST,46,2330,2786,1664,1789,446,85,480,1089,1061,745,331,279,367,763,928,2208,1068,400,224,556,715,776,963
77 ST,610,5907,8217,9335,9624,4320,188,1009,3256,5342,5517,2963,444,5625,7579,6531,7895,3281,279,1711,3982,4829,3621,2166
86 ST,1122,11393,23202,19807,27124,13865,1313,2463,8978,14499,16520,8417,1022,8458,17335,16267,29295,9199,1258,3064,9403,12504,11774,6589
BAY RIDGE-95 ST,46,1962,1974,896,980,233,64,385,870,871,644,286,45,267,487,545,1682,673,162,120,302,389,535,432
8 AV,1392,3639,5948,8111,10697,6210,1184,1680,4521,8108,8776,5748,764,3180,5775,6186,6770,3607,468,1645,4843,6136,5732,3634
FT HAMILTON PKY,220,4791,4248,3052,2433,894,72,1203,2520,2389,1855,804,458,841,1127,1875,3310,2067,223,444,776,1212,1651,1493
NEW UTRECHT AV,62,987,887,747,725,244,22,501,711,580,390,156,140,647,623,707,1146,636,94,199,311,474,738,608
18 AV,146,4525,4620,2538,2581,779,105,1482,2743,2255,1591,764,326,645,1352,1947,3835,1754,286,282,752,1329,1931,1370
20 AV,84,2875,2593,1338,1062,418,51,984,1697,1260,810,414,50,84,228,335,909,331,75,63,165,264,399,166
BAY PKWY,286,5628,5008,2996,2179,884,97,2621,3897,3275,2438,1044,647,898,1724,3010,5829,3070,413,952,2059,3435,3797,2351
9 AV,106,1651,1614,1032,851,322,43,620,1057,924,559,254,350,454,647,1053,1917,1278,158,217,361,744,987,1032
50 ST,1178,2198,8064,9738,22215,8835,2545,975,5115,6970,8266,6731,431,5525,15148,7008,9721,3375,1056,1397,3972,6306,6527,3634
55 ST,50,301,591,501,633,163,35,98,197,221,164,84,22,108,282,233,297,128,23,23,76,76,97,83
71 ST,34,2023,2196,749,685,213,39,638,1236,788,524,205,78,59,217,299,799,379,97,42,130,234,352,336
79 ST,431,4148,5549,5264,5223,2412,187,1092,3298,4358,4435,2499,269,1227,2057,2246,3077,1423,191,500,1426,1908,1707,1111
25 AV,109,2058,1508,941,675,256,45,33,4,0,5,98,66,67,142,268,463,254,34,12,0,0,7,73
BAY 50 ST,55,991,855,673,414,140,17,15,3,0,7,50,17,131,209,154,106,57,4,10,4,0,0,17
CONEY IS-STILLW,901,3148,3090,4480,5695,2908,291,1246,2037,4365,6435,4328,622,1335,2905,4007,4187,2078,378,740,1700,2648,2413,1823
W 8 ST-AQUARIUM,19,431,613,772,925,222,48,65,288,815,1359,513,18,118,965,833,555,152,33,47,578,1351,809,233
6 AV,117,397,987,987,2331,1105,333,98,530,1654,1668,1201,36,290,732,732,514,195,108,103,506,601,523,301
3 AV,251,196,727,1271,2670,1658,792,138,565,1473,1702,1268,89,888,2152,1189,1465,695,344,206,943,1251,1513,1170
1 AV,556,1626,5221,4398,6751,3615,1528,561,2588,4789,4422,3357,378,3492,5338,4000,6331,3346,1204,831,3033,3767,4799,4175
BEDFORD AV,655,2768,9783,4741,6680,4163,2832,804,3668,9796,11762,7891,510,2077,4332,5016,13141,6247,1690,774,5473,13170,10970,6562
LORIMER ST,273,2841,3076,2191,1861,996,241,683,1569,1711,1568,1279,168,316,478,667,1244,739,103,166,391,703,875,667
GRAHAM AV,112,1399,4568,1842,2116,719,340,356,1623,2125,1772,1198,215,639,1082,1105,2440,1549,458,249,756,1254,1600,1332
GRAND ST,417,2226,6689,7586,10603,4626,963,876,3265,6700,7296,3510,527,3470,8399,4853,5577,2822,707,1287,5081,4574,3607,2512
MONTROSE AV,124,978,2532,1391,1620,631,349,354,1268,1586,1521,1155,216,403,604,741,1442,953,399,258,493,850,1395,950
MORGAN AV,128,894,2411,1443,1961,1075,415,343,1287,1931,1719,1173,146,527,792,621,1036,667,260,213,478,739,947,776
JEFFERSON ST,132,1283,2356,1330,1811,660,432,467,1205,1704,1353,1096,61,186,299,337,549,337,120,70,207,351,462,369
MYRTLE-WYCKOFF,267,4957,6496,3724,3425,1457,483,2076,4327,4516,3336,1845,797,722,1372,2197,4663,2833,1255,501,1237,1980,2976,2511
HALSEY ST,230,4138,4762,2755,2274,921,283,1342,2859,2781,2193,1436,519,568,660,1283,3056,1911,719,347,561,1057,1684,1557
WILSON AV,49,1139,1618,917,726,277,91,374,859,1022,673,495,276,311,442,682,1607,1089,465,138,268,587,957,893
BUSHWICK AV,25,512,679,410,415,155,42,159,408,516,386,219,91,102,156,228,460,359,138,67,125,259,313,318
ATLANTIC AV,35,467,450,322,588,152,26,135,249,322,294,209,15,187,169,141,225,90,21,55,84,127,119,85
SUTTER AV,144,1276,1148,1003,809,364,75,507,692,799,658,404,238,270,412,731,1016,676,163,261,358,543,665,639
LIVONIA AV,84,983,811,636,499,230,42,413,569,633,500,295,107,292,379,531,700,404,90,176,254,389,488,351
NEW LOTS,192,1769,1267,993,812,412,109,603,761,835,658,419,315,608,623,1052,1531,944,188,344,505,766,911,814
EAST 105 ST,127,1337,1023,718,583,334,48,370,513,555,407,252,240,514,431,762,1186,707,153,252,265,436,528,468
CANARSIE-ROCKAW,428,4546,3171,2310,1959,921,160,1262,1571,1708,1443,893,191,297,441,700,1218,700,124,204,365,588,635,485
HOWARD BCH JFK,261,798,723,841,916,632,106,317,496,786,740,574,234,506,682,1029,1200,588,144,384,546,959,850,502
JFK JAMAICA CT1,371,1101,1540,2359,2078,976,204,884,1334,2380,2101,1012,512,831,1143,1796,1790,1233,182,716,1198,1870,1921,1364
MARCY AV,383,2649,3305,3246,3383,1683,377,872,2107,2907,2676,1690,305,1786,1888,2088,3274,1650,215,652,1321,1911,1928,1311
HEWES ST,76,581,724,631,568,274,41,60,109,196,192,205,74,118,179,228,467,318,56,43,67,145,209,154
FLUSHING AV,263,1823,2535,3179,3110,1260,126,404,1008,1372,1207,770,184,1007,1213,1117,1284,661,82,154,322,391,409,319
MYRTLE AV,325,3290,3514,2532,1996,955,259,995,2214,2372,1823,1152,545,572,792,1299,2585,2123,372,557,780,1161,1595,1553
KOSCIUSZKO ST,148,1412,1530,1202,825,394,109,484,1067,1155,885,573,141,218,257,361,546,453,129,121,209,285,431,383
GATES AV,161,1712,1781,1540,1162,402,81,584,1150,1352,1034,585,166,248,291,510,863,431,107,141,197,329,453,389
CHAUNCEY ST,115,901,918,704,532,254,42,311,566,659,498,312,92,128,177,300,488,316,83,85,115,223,277,225
ALABAMA AV,99,519,503,582,564,285,54,249,325,408,376,270,90,578,488,502,569,327,54,238,291,330,417,318
VAN SICLEN AV,105,2058,1747,1163,833,376,44,352,491,508,351,225,320,387,643,1293,2443,1160,129,155,264,484,641,509
CLEVELAND ST,109,1119,857,636,484,199,47,387,529,524,437,248,176,292,354,820,1092,597,111,155,298,563,656,501
NORWOOD AV,117,1150,916,645,466,240,52,479,567,510,432,260,213,280,393,808,1105,647,147,204,282,588,696,542
CRESCENT ST,152,1724,1355,842,608,278,69,699,890,832,610,323,284,351,643,1300,1865,1029,190,252,459,886,1032,813
CYPRESS HILLS,22,510,439,285,211,74,25,176,193,202,147,74,35,104,113,210,365,139,40,37,69,138,164,121
75 ST-ELDERTS,34,1328,936,721,521,179,45,469,609,594,342,199,89,112,327,574,846,378,134,55,296,287,401,275
85 ST-FOREST PK,47,1524,1163,602,464,182,44,500,722,568,409,247,87,60,165,367,829,361,116,41,129,254,358,196
WOODHAVEN BLVD,496,7592,6721,5713,5198,2229,190,2058,3271,4026,3608,1990,502,929,2326,3837,4858,2262,246,446,1387,2848,2572,1353
104 ST,57,1542,940,509,402,141,53,405,509,462,267,125,33,44,82,174,422,136,49,21,76,138,146,93
111 ST,243,6793,5038,2866,2312,805,230,2590,3392,2595,2212,1568,655,552,1221,1794,4449,2161,793,476,928,1569,2494,2043
121 ST,22,205,180,196,218,63,26,80,97,137,122,38,6,11,23,39,22,24,9,14,40,50,21,26
CENTRAL AV,49,1165,1208,753,501,203,37,160,360,435,291,160,157,252,317,622,1324,748,71,72,139,256,396,376
KNICKERBOCKER,60,1193,1139,946,688,241,29,193,464,604,493,214,154,411,521,948,1389,751,67,87,290,491,569,377
SENECA AVE,36,970,889,533,327,107,17,161,364,367,239,123,125,133,212,542,1027,554,74,59,131,268,365,299
FOREST AVE,68,1697,1201,742,441,153,29,298,451,420,290,142,203,169,236,708,1243,701,116,99,145,276,350,330
FRESH POND RD,87,2535,1776,1016,661,236,38,433,651,671,426,255,320,314,435,1393,2488,1287,171,177,286,569,777,620
METROPOLITAN AV,398,3012,2839,2369,2802,1494,407,830,1789,2614,2616,1957,464,999,1220,1482,3284,1602,514,628,1324,2311,2641,1848
INWOOD-207 ST,177,3184,2620,1789,1322,571,99,833,1561,1761,1089,500,216,303,485,872,1504,969,133,211,454,654,761,604
DYCKMAN ST,269,3675,4062,3053,2529,1170,363,1224,2556,3090,2620,1629,322,293,683,813,1379,987,477,182,499,783,1041,951
190 ST,43,1126,1924,865,911,184,54,232,822,1034,869,123,56,133,362,417,707,369,86,47,344,651,442,280
181 ST,286,5664,6401,5134,4399,1537,308,1769,4170,4562,3916,2109,1164,1362,3112,4448,7269,4506,1091,743,2234,3617,4424,3728
175 ST,117,3236,4835,2399,2665,785,252,909,2324,2584,1807,1058,260,439,807,1294,3172,1431,490,276,630,1114,1671,1053
168 ST,316,3103,5554,5645,9838,2072,423,1251,3289,4133,3482,2039,437,2722,6612,3533,3507,2104,903,839,1519,2462,2783,2412
163 ST-AMSTERDM,117,1289,1241,977,683,304,46,433,722,820,459,208,109,111,192,271,354,251,47,42,90,166,228,112
155 ST,180,1721,1734,1531,1110,482,91,576,1119,1280,867,506,275,438,526,918,1243,820,123,178,281,510,488,438
145 ST,563,6882,11868,7494,7780,3102,928,2660,7389,8251,6759,3746,1660,1823,4364,5854,10394,6973,2856,1170,3141,5069,7641,6142
135 ST,395,3529,6189,4678,5037,1822,468,1102,3224,3828,3002,1812,364,1072,1737,1812,2444,1471,391,349,826,1025,971,950
125 ST,1996,11696,18911,18832,21482,8923,1897,4175,10552,16332,17116,10230,2073,8635,12897,12443,15220,8398,2516,3997,8897,11986,12211,8562
116 ST,816,6930,8106,8376,7770,3527,473,2200,5292,9347,9143,4577,813,2356,3281,4206,5096,3036,552,1162,3638,5916,3978,2609
CATHEDRAL PKWY,445,4088,4775,4910,4873,2266,190,869,2947,4056,3744,2080,451,1702,2002,2318,3241,1984,222,559,1269,1708,1861,1526
103 ST,701,6136,7638,7978,7754,3604,200,1828,4713,6103,5890,3266,967,2630,3673,4767,7026,4060,493,1162,2483,3909,3773,2937
96 ST,1303,11013,15660,15865,18042,7914,521,2372,8162,11012,10864,6441,1563,7211,9157,10513,14958,7972,980,2453,5782,8241,8479,6246
81 ST-MUSEUM,383,1201,2066,4477,5005,2457,152,177,1244,3984,3841,1855,137,1688,3737,3215,3156,1252,55,415,2506,3136,2368,865
72 ST,1171,6451,10214,11456,13915,7911,422,1229,6483,10854,12057,7219,950,5583,9833,10386,15012,6714,468,2482,7891,11048,10236,5222
59 ST COLUMBUS,1475,2691,11063,16485,29817,12292,2302,1154,7273,11664,15975,9288,495,7351,20811,11908,12966,3789,871,4355,8064,11881,9432,4090
42 ST-PORT AUTH,2890,19105,31263,16113,22768,12795,1581,4478,11486,15374,15255,12647,1689,6979,13236,15567,30485,10578,1533,3923,10447,13568,13589,8910
34 ST-PENN STA,2948,28994,52789,28395,44037,17060,2701,4593,15246,24074,26136,18900,1914,12231,31466,30533,54971,14067,2442,5585,18369,24028,22465,12844
14 ST,1817,2715,10409,13248,24151,11813,3535,1427,4797,11319,13777,10128,656,5624,16809,10406,12642,4312,1180,1831,6953,10341,8870,5410
W 4 ST-WASH SQ,2534,3902,5362,8389,13072,9389,1935,1481,3433,8443,10045,8948,916,5137,8728,8190,10089,4735,891,2011,6306,8991,8322,5293
SPRING ST,354,838,3635,5267,11046,3398,809,286,1434,4141,5132,2572,110,943,4887,3389,4109,1123,233,359,2239,3200,3035,1352
WORLD TRADE CTR,207,1049,2551,3241,8865,1659,372,380,1305,3361,4045,1836,126,1343,3857,1645,2690,849,289,352,1613,2535,1899,1173
HIGH ST,95,607,2420,1802,3449,1311,14,4,5,1,1,1,115,984,3584,1842,2855,1104,69,2,5,7,1,2
HOYT-SCHER,128,575,2040,2589,3858,1237,330,203,954,1918,2118,1231,127,1108,2769,1720,2179,805,203,322,1314,1754,1603,880
LAFAYETTE AV,160,653,928,1073,1221,688,131,192,537,974,1097,825,83,194,320,401,513,332,77,134,329,507,585,393
CLINTON-WASH AV,128,2057,4101,2227,2773,866,198,345,1448,1885,1708,931,159,680,1224,980,1841,1229,246,239,667,987,923,863
FRANKLIN AV,341,3858,7200,3672,3456,1595,458,1007,3159,3708,2926,1873,651,1181,1987,2404,5359,3391,777,540,1285,2000,2436,2586
NOSTRAND AV,355,3737,7967,4188,4513,1972,488,1240,4048,4655,3707,2009,672,1342,2353,2763,5708,3563,855,755,2146,2672,3054,2179
KINGSTON-THROOP,99,1192,2424,1391,1261,415,170,367,1247,1222,922,541,383,375,776,904,1608,1144,453,181,491,719,878,1077
UTICA AV,416,4678,4576,3370,2763,1396,196,1478,2807,3354,2561,1441,709,1091,1409,2403,4270,2814,445,705,1248,2039,1993,2030
RALPH AV,177,1705,1631,1290,934,439,76,527,981,1134,878,475,198,290,352,570,914,612,133,160,241,444,529,540
ROCKAWAY AV,236,3470,3354,2522,1932,767,76,517,983,1027,770,439,480,834,1352,2248,3522,1686,121,147,226,414,472,583
BROADWAY JCT,241,2022,2539,1883,1853,803,293,905,1721,1790,1409,1146,339,929,1232,1715,2724,1268,677,506,969,1358,1633,1422
LIBERTY AV,62,825,742,719,549,226,38,272,442,477,321,178,85,233,278,340,365,198,54,95,162,200,176,176
VAN SICLEN AVE,120,1106,907,654,422,200,43,372,588,599,423,244,274,251,303,781,1023,558,151,162,224,456,479,574
SHEPHERD AV,96,1167,927,645,450,209,47,411,558,588,395,232,116,169,193,367,517,298,92,120,139,271,272,287
EUCLID AV,153,3302,3366,2199,1609,723,170,1186,1951,1777,1312,855,154,252,518,676,1139,557,231,183,435,518,583,536
GRANT AV,89,2067,2165,1165,768,335,83,682,1164,1001,753,345,360,200,471,1096,2033,958,416,241,393,770,877,754
80 ST,123,1701,1272,761,425,167,62,500,674,644,427,195,172,93,152,417,991,604,136,99,99,268,327,331
88 ST,85,1323,829,389,228,110,28,306,414,335,221,120,57,47,56,193,531,278,37,38,59,121,158,122
ROCKAWAY BLVD,261,2806,1997,1349,1102,570,107,778,1040,1069,902,566,90,235,286,454,848,470,57,132,194,302,305,252
OZONE PK LEFFRT,105,3768,2001,1074,839,351,132,803,1067,984,769,391,264,306,670,1125,3403,1169,263,245,497,881,1129,646
AQUEDUCT N.COND,62,460,247,158,124,77,22,89,95,117,134,103,79,80,200,355,574,295,47,121,465,619,374,230
AQUEDUCT RACETR,119,188,127,318,464,264,225,204,91,468,910,617,13,16,41,60,47,35,18,11,53,72,47,41
BROAD CHANNEL,20,124,66,58,40,22,5,34,28,46,49,20,5,6,12,26,22,12,3,9,17,23,23,14
BEACH 90 ST,72,342,235,308,554,222,22,85,125,406,721,280,60,57,247,379,338,162,48,68,242,452,244,105
BEACH 98 ST,44,189,94,250,315,131,16,36,65,244,344,124,38,45,226,310,242,97,23,28,188,339,175,77
BEACH 105 ST,14,89,63,108,118,37,10,12,19,112,214,67,18,46,99,175,142,55,17,10,78,127,62,26
ROCKAWAY PARK B,55,203,152,229,395,144,21,51,78,191,334,138,44,120,231,348,332,154,32,71,196,313,221,101
BEACH 67 ST,80,921,675,523,699,287,52,289,396,525,747,260,146,147,359,686,828,444,177,107,370,619,406,275
BEACH 60 ST,64,856,624,445,465,165,65,297,408,434,355,200,105,135,220,427,698,363,178,88,149,338,344,277
BEACH 44 ST,11,250,168,166,112,43,21,70,118,135,81,57,60,86,99,158,302,164,74,49,71,117,132,107
BEACH 36 ST,20,407,240,187,149,71,21,92,122,166,112,78,105,64,139,219,433,233,103,42,98,163,188,153
BEACH 25 ST,48,808,522,419,273,108,36,231,303,265,199,180,149,189,274,362,849,539,168,90,154,239,305,350
FAR ROCKAWAY,111,1495,1014,929,1066,392,123,452,762,837,714,383,282,632,837,819,1579,1042,331,379,505,683,826,630
161/YANKEE STAD,536,5125,5869,5817,5181,1912,467,1994,3488,4383,3512,15126,565,1260,2750,2840,3672,1868,592,591,1357,2842,10449,2944
167 ST,312,5157,5475,4174,3378,1455,379,2234,3684,3778,2723,1712,780,860,2045,3072,4835,2476,910,542,1264,2115,3178,2544
170 ST,310,4567,4347,3658,2669,1030,262,1967,2919,3299,2041,1316,594,798,1569,2325,3508,1785,576,473,1157,1774,2397,1741
174-175 STS,79,1296,1574,1246,1233,367,100,642,1006,1109,775,424,91,151,352,419,685,273,77,90,172,311,360,271
TREMONT AV,293,3116,2959,2009,1424,619,133,1313,1617,1690,1221,679,441,556,877,1239,1767,1056,285,415,575,876,1119,905
182-183 STS,76,1471,1483,1075,765,369,81,691,963,995,773,387,113,135,218,390,589,322,97,68,149,253,252,192
FORDHAM RD,325,5312,5884,5115,5183,2048,370,2309,3716,4850,3972,2414,506,510,1248,1544,3018,1174,792,422,1030,1658,2203,1410
KINGSBRIDGE RD,541,5364,4522,3764,2698,1152,215,2207,2728,2896,2118,1099,730,1136,1614,2467,3521,2108,434,698,1095,1737,2214,1803
BEDFORD PK BLVD,242,3825,3260,2497,1853,778,150,1278,1861,2125,1663,852,487,722,1076,1641,2802,1449,395,470,891,1292,1531,1085
NORWOOD 205 ST,261,3074,2376,1706,1250,552,117,1120,1467,1487,1050,563,496,526,664,1286,2102,1313,323,369,463,755,1223,1004
5 AV/53 ST,365,340,1797,8339,11442,4956,16,131,646,1860,2241,1169,322,9350,12230,5107,2933,1028,41,691,1784,2251,1576,580
LEXINGTON AV/53,569,1325,5577,8577,26017,5480,954,445,2381,3819,4191,2434,251,7918,25494,6492,7476,2095,469,1002,3143,3225,3252,2134
COURT SQ-23 ST,124,823,2579,1655,3153,874,199,256,1011,1295,1129,496,61,783,760,397,504,196,44,133,257,273,237,148
QUEENS PLAZA,170,1106,2082,3992,3983,1360,60,572,1549,1996,1553,680,268,2660,2752,1928,1971,1194,144,817,1095,1265,1497,1220
STEINWAY ST,239,2154,4830,2911,3295,1435,392,486,1598,2234,2001,1188,255,741,1685,2123,4134,1886,415,276,1131,1436,1927,1529
46 ST,198,2821,2521,1802,1343,608,57,526,994,1061,827,452,307,721,1062,1435,2533,1544,139,246,506,736,1202,964
NORTHERN BLVD,121,2189,1912,1410,1211,460,57,464,734,821,651,300,228,724,765,1200,1887,1072,97,186,337,573,763,601
65 ST,49,1095,1050,737,508,191,13,328,560,490,320,134,167,181,261,568,947,679,83,110,174,296,504,458
JKSN HT-ROOSVLT,798,10187,16237,9230,9404,4101,1085,5168,12080,11378,9048,4596,1751,2032,4098,7663,15713,7215,3090,1651,3976,6489,8371,6557
ELMHURST AV,49,3276,4830,2340,1968,564,44,405,1103,1105,771,270,111,120,320,620,1159,644,102,29,99,155,269,240
GRAND-NEWTOWN,97,5330,6815,3208,2892,918,99,1337,2514,2172,1565,593,366,457,1054,1932,4333,2400,462,263,888,1145,1441,1212
63 DR-REGO PARK,88,3593,5642,3031,3328,1022,94,772,2004,2173,1758,755,148,363,1088,1287,2370,872,131,107,320,514,541,388
67 AV,38,2561,3895,1459,1244,345,44,370,1072,988,624,240,87,338,535,674,2156,864,122,101,206,327,339,295
FOREST HILLS 71,491,8260,7913,5240,4614,2127,231,1929,4169,4630,3615,4415,456,1062,1882,2997,5685,2696,305,796,1750,2637,3601,2255
75 AV,12,910,1495,544,643,198,37,47,246,268,183,124,15,60,199,205,306,161,54,33,96,116,143,96
KEW GARDENS,1058,6025,9700,5049,4327,1636,252,1822,3731,3617,2702,1245,1170,1952,4178,6227,9309,5479,209,1028,1963,2659,3486,3016
BRIARWOOD,26,1631,1881,829,613,183,19,232,578,481,332,158,98,131,233,384,1156,574,135,54,134,228,379,344
SUTPHIN BLVD,104,1305,1268,1079,714,242,30,327,521,512,355,171,132,207,381,608,910,501,61,120,202,358,530,345
PARSONS BLVD,100,1948,1765,1407,1180,345,100,769,1176,1220,736,434,326,503,918,1145,2136,1001,422,290,594,788,1033,749
169 ST,79,2342,2305,1810,1507,509,79,780,1239,1409,1124,514,315,490,927,1449,3283,1178,372,242,640,870,1297,1024
JAMAICA 179 ST,195,10289,6862,3044,2582,901,189,2038,2869,2659,1862,1277,453,568,1117,1732,4301,1749,537,480,906,1156,1639,1280
COURT SQ,314,903,2630,3331,7369,1633,616,802,1981,2770,2843,1455,312,2474,4801,1928,2459,1208,321,722,1907,2209,2137,1520
21 ST,32,165,225,415,617,259,0,0,0,0,0,0,19,505,438,303,276,156,0,0,0,0,0,0
GREENPOINT AV,0,1206,2849,1520,2620,762,0,0,0,0,0,0,11,808,1423,988,2181,754,8,2,4,3,0,4
NASSAU AV,0,1309,3186,1332,2175,682,0,0,1,1,1,2,19,358,656,739,1766,619,16,6,2,1,3,24
BROADWAY,146,3530,6019,2390,2953,1069,270,736,2650,3019,2407,1171,500,896,1441,2096,4651,3052,709,278,873,1264,1914,1478
MYRTLE-WILLOUGH,43,1619,1666,1122,852,292,0,1,21,6,0,0,110,234,281,459,968,556,1,4,8,2,1,0
BEDFORD-NOSTRAN,165,1665,3749,1486,1586,507,303,609,2008,2413,2151,1062,264,336,500,777,1893,1304,601,618,947,1385,1423,1325
CLASSON AV,53,885,2038,859,976,328,104,211,769,1005,708,327,106,414,619,737,2031,1132,174,115,297,492,648,582
47-50 STS ROCK,1207,660,3761,10879,39467,8595,1701,420,1743,3982,6387,4081,210,9878,37679,9716,6661,1861,362,1522,4165,4985,3205,2062
42 ST-BRYANT PK,1003,751,3773,8057,25995,7738,1665,416,1629,3852,5861,4029,292,5552,21430,7269,7046,1647,542,1148,3862,4927,3976,2633
B'WAY-LAFAYETTE,654,782,2212,4980,9323,4520,369,282,1166,3807,4794,2772,373,4134,8434,6889,7004,2693,242,1168,4713,6412,5034,2562
2 AV,513,1325,4216,3154,4628,3300,1730,520,1794,3229,3632,3016,186,1306,3274,2920,5382,2307,757,515,2452,3906,4014,3112
EAST BROADWAY,144,1446,3691,3573,4508,1459,318,591,2010,2882,2903,1381,86,728,1446,1347,1657,1001,393,399,1496,1695,1325,1073
YORK ST,268,1102,1520,2257,4010,1737,79,315,1188,2495,2723,1762,93,594,1648,1195,880,463,136,487,1843,2198,1791,936
BERGEN ST,287,2750,4665,3267,3396,1633,241,415,1919,2817,2896,1854,266,1155,1754,1965,3437,1631,126,316,1264,1969,2157,1231
CARROLL ST,76,1562,4780,2100,3099,857,259,215,1412,1876,1923,1105,62,582,1180,1018,1610,764,163,172,642,882,910,563
SMITH-9 ST,71,604,1316,986,1368,435,91,237,658,936,893,459,137,952,1308,1019,1504,642,182,394,879,1013,896,537
4 AV-9 ST,52,446,1191,831,1382,361,206,178,657,976,1122,852,98,566,972,856,2239,877,276,203,656,1101,1378,911
15 ST-PROSPECT,51,1795,2067,1171,1146,374,49,226,989,1176,1052,786,108,275,399,755,1613,794,98,112,532,756,820,608
DITMAS AV,76,1168,1077,831,664,254,41,328,490,507,370,186,118,176,264,489,756,467,85,82,122,234,334,274
AVENUE I,18,93,178,204,195,80,8,43,82,117,100,58,45,213,271,331,522,257,27,68,118,162,177,126
AVENUE N,33,653,506,399,348,120,11,183,249,225,168,67,70,283,288,361,712,370,32,58,91,156,241,208
AVENUE P,11,414,576,314,307,64,9,134,239,208,184,68,66,171,278,310,928,398,107,50,122,176,314,247
AVENUE X,17,995,803,494,416,152,42,258,426,436,268,155,38,185,308,319,822,334,74,79,140,208,308,216
NEPTUNE AV,38,488,407,380,304,96,10,104,212,197,169,71,16,75,108,119,174,88,9,34,54,65,74,49
57 ST,521,339,1497,3595,6502,3160,191,238,1032,2190,2739,1747,177,2407,5244,2813,1760,786,89,1046,1910,2251,1562,807
LEXINGTON AV/63,339,1089,3736,4474,8680,2909,542,406,1741,3257,4005,1960,227,3378,8111,4193,4943,1390,541,1108,3305,3889,3511,1928
ROOSEVELT ISLND,77,885,2765,1547,1438,551,89,234,1358,1666,1497,648,122,631,921,1112,2189,1458,279,197,570,1162,1447,1164
21 ST-QNSBRIDGE,115,1562,3140,2108,2901,623,170,633,1942,1933,1516,678,242,958,1234,1290,1774,1197,348,495,856,968,1478,1121
JAMAICA VAN WK,121,1400,1239,1109,940,370,47,525,703,738,539,277,229,682,722,1152,1769,906,106,273,377,626,752,643
SUTPHIN-ARCHER,552,6360,5964,4533,5054,2183,675,2182,3480,3931,3956,2775,773,2013,3327,4042,6880,3016,990,1204,2348,3206,3212,2571
JAMAICA CENTER,549,13083,10463,7100,7223,2500,535,3454,4302,4917,4386,2785,1495,2480,5782,6520,13049,5438,1927,1501,2950,3708,5001,3834
72 ST-2 AVE,492,4237,5171,7541,8976,3779,135,832,3093,4345,4100,2282,466,5734,6087,4747,6106,3105,237,1217,2300,3121,3334,2268
86 ST-2 AVE,420,5998,6268,4837,5281,3105,142,914,3996,5307,4920,2841,567,1615,2596,3496,6506,3768,313,783,2277,3524,3939,2829
96 ST-2 AVE,270,4298,4403,3969,3730,1664,73,952,2910,3545,3060,1631,534,1781,2090,2631,4431,2647,401,655,1303,2047,2504,2064
ORCHARD BEACH,0,0,0,0,14,0,0,0,1,11,0,0,0,0,0,1,9,0,0,0,0,0,0,0
NEWARK HW BMEBE,83,2621,2474,710,820,220,4,47,140,475,298,67,192,351,522,1795,5508,1679,82,201,275,500,624,522
HARRISON,349,2981,4251,734,638,906,42,431,953,1083,3548,2145,309,329,419,1820,4754,2723,249,218,421,3074,3281,1130
JOURNAL SQUARE,761,6949,11297,3741,3205,1152,238,1794,4243,4517,3442,1634,1546,1623,2287,4621,11438,6793,419,1074,1586,2759,4776,4961
GROVE STREET,400,6155,8669,2626,2703,998,81,774,2547,3398,2853,1517,820,1169,2007,3128,8782,5468,170,496,1240,2482,3495,3451
EXCHANGE PLACE,191,2935,4459,3576,6491,1561,37,422,1289,1506,1117,593,346,3930,5360,2099,4126,2042,165,234,588,1153,1637,1474
PAVONIA/NEWPORT,307,2484,6693,3450,6286,1465,30,355,2120,2769,2364,1203,530,2017,5386,2295,7117,3624,138,255,929,2077,2810,2595
CITY / BUS,336,5378,8202,1837,2214,820,95,461,2039,2893,2426,1477,511,647,1854,2817,8842,4140,302,489,1100,1997,2936,3039
CHRISTOPHER ST,458,757,2665,2848,5167,3355,410,168,482,1309,1599,1370,98,1987,4165,2556,3868,1496,329,389,1591,2263,2609,2021
9TH STREET,171,293,531,680,1718,1106,353,195,287,735,1075,1114,76,899,1553,904,1021,425,50,215,877,1182,1203,745
14TH STREET,215,521,725,1343,2707,1605,58,225,464,997,1368,1084,199,1505,2783,1164,1475,561,49,347,1041,1630,1372,897
TWENTY THIRD ST,229,342,895,1669,5111,1850,73,99,324,837,1097,796,139,2769,6088,1626,1689,524,31,251,1129,1470,1174,585
THIRTY ST,454,698,1199,1509,4712,2697,285,180,243,679,1074,1553,209,2438,4744,2180,2519,1071,11,267,469,262,72,51
LACKAWANNA,172,3950,5838,816,1068,345,8,98,530,762,547,231,152,349,790,2381,6742,1702,39,106,295,534,711,606
THIRTY THIRD ST,766,2003,3120,4322,12060,5068,362,645,1499,3088,4538,4092,439,4659,10069,2170,3178,799,93,944,4099,5159,4973,2981
NEWARK BM BW,707,5318,6109,2550,3031,1359,0,0,200,1519,2285,1644,106,105,61,88,63,56,2,10,30,90,113,71
NEWARK C,89,3563,3209,294,231,68,0,0,21,184,225,46,1,23,42,30,27,21,0,0,2,17,17,4
NEWARK HM HE,0,2,2,2,4,3,196,1438,2493,1163,21,0,670,1710,2696,3901,8506,3898,456,788,1311,2048,3133,2501
PATH WTC 2,71,108,185,564,1688,616,22,83,157,374,375,406,113,2609,5022,1444,1697,611,26,292,1142,1480,915,482
PATH NEW WTC,1228,4010,6016,11792,27636,10300,469,865,1978,5169,6970,4951,752,15729,23105,6455,6367,2400,177,1680,5041,5504,4609,2827
SOUTH FERRY,275,3128,3023,3647,4464,1717,74,738,1606,3188,3531,1690,354,2125,4590,3909,3867,1857,233,901,3882,4007,2826,1661
WALL ST,603,2338,6395,11119,24728,5411,668,320,1643,2939,3236,1588,251,9101,22005,6494,5455,1948,333,770,2841,2999,2223,1486
FRANKLIN ST,122,463,986,1661,2243,941,11,33,141,317,310,148,33,633,1007,820,715,274,18,80,262,348,345,174
HOUSTON ST,316,646,1886,3976,6933,2910,66,100,272,651,656,479,110,1817,3374,2296,1854,738,59,225,763,968,1071,604
18 ST,79,299,1648,1958,4131,1255,40,24,214,446,433,166,22,430,1974,1166,1565,299,38,94,575,715,544,257
66 ST-LINCOLN,624,2019,3587,5610,6590,3672,80,349,2004,3814,4111,3134,281,3183,4940,3999,4621,1955,133,821,2430,3783,3512,1621
116 ST-COLUMBIA,243,1005,1851,3250,4622,1940,44,246,1112,1810,1797,1103,168,1403,2072,1482,1304,687,90,297,743,1030,876,551
137 ST CITY COL,295,3151,3433,3137,2653,1139,131,1069,2264,2589,1952,1119,712,1097,1712,2440,3427,2429,446,522,901,1568,2037,1961
157 ST,257,2608,2769,2568,2116,895,109,1024,2191,2488,1981,1096,545,608,888,1462,2224,1712,354,381,711,1243,1452,1558
191 ST,102,1953,2422,1903,1722,585,126,727,1583,1674,1264,867,467,580,1499,1872,3366,2066,669,311,971,1346,1925,1693
207 ST,154,1276,1890,1472,1537,672,192,584,1177,1408,1380,851,170,339,604,668,1000,533,186,144,428,669,610,505
215 ST,33,295,500,550,486,266,46,92,299,479,352,174,22,81,196,216,273,119,32,37,156,163,175,125
MARBLE HILL-225,68,1320,1547,1164,1159,495,116,464,925,1195,924,562,40,106,171,253,585,230,55,30,83,241,280,186
231 ST,131,2598,2956,1874,1944,788,145,713,1601,1995,1512,765,62,94,204,267,661,249,103,49,152,223,269,184
238 ST,99,1710,1271,825,553,306,48,399,712,796,632,364,4,7,17,26,30,19,3,7,16,32,27,20
V.CORTLANDT PK,47,2610,2069,1277,1145,1008,78,671,1171,1252,1032,509,105,205,392,489,1661,663,261,133,413,558,704,504
BOWLING GREEN,235,2200,5632,6868,16764,2469,14,3,3,7,4,9,257,4096,13118,5149,5143,1402,56,12,13,5,15,8
BROOKLYN BRIDGE,230,810,3657,5113,9408,2009,537,355,1656,3593,4044,2200,108,2766,7813,3276,2554,807,373,826,2799,3046,2309,1190
BLEECKER ST,522,1022,3645,2881,5427,2992,1260,404,1213,2691,3087,2279,102,568,1679,1105,1917,503,234,197,739,1140,930,424
ASTOR PL,597,2360,3024,3436,4430,2798,607,495,1310,2635,2803,2395,305,1700,3552,3754,5428,2439,114,568,2177,3408,3633,2144
33 ST,722,2838,5049,7756,10687,4812,323,614,2280,3691,3722,2449,387,4391,6781,5392,4714,2077,148,916,2248,2944,2930,1949
GRD CNTRL-42 ST,2231,15023,28545,29485,62141,21649,2202,2057,9313,15673,15503,8584,1296,25766,45550,26961,32829,10601,1042,4285,11493,13950,12448,7699
51 ST,394,456,3041,4664,12057,2740,600,252,1731,2536,2703,1513,148,3347,12269,4372,3860,1161,331,878,2087,2620,2621,1662
68ST-HUNTER CO,464,1493,3345,7026,7797,3150,59,338,1293,2419,2587,1300,236,4048,5171,3721,2655,1047,75,1187,1985,2143,1476,781
110 ST,150,1923,3904,2764,2827,1007,272,732,2078,2852,4210,1384,304,1185,1744,2009,2998,1493,618,470,1351,2924,1846,1302
138/GRAND CONC,67,725,902,756,938,226,66,239,379,489,402,180,126,501,680,677,760,292,149,248,415,350,435,246
149/GRAND CONC,279,1783,2856,3607,3449,1412,369,734,1588,2007,1643,1091,551,1044,2198,1640,1791,914,527,501,1182,1445,1677,1016
MT EDEN AV,126,1388,1431,1216,1068,409,114,592,976,1042,781,449,250,430,666,732,1198,698,257,220,427,582,734,582
176 ST,101,1634,1680,1365,1151,447,111,655,1154,1253,785,548,175,233,547,665,1029,647,221,145,357,506,709,515
BURNSIDE AV,192,2523,2717,2560,2033,765,197,965,1764,2186,1362,751,340,299,780,1143,1764,1043,422,233,591,846,1154,905
183 ST,121,1840,1751,1295,945,462,117,792,1077,1126,760,507,225,255,417,737,1228,679,255,124,332,479,677,525
MOSHOLU PKWY,255,2056,2026,2077,1753,717,87,856,1248,1386,1155,632,133,269,587,669,734,379,74,155,281,443,477,344
WOODLAWN,106,2464,1769,1307,1308,593,186,665,996,1249,1339,800,112,112,267,330,623,249,131,85,231,304,311,279
CENTRAL PK N110,122,1473,2830,1896,2301,948,245,542,1653,2096,2131,1090,260,855,1468,1444,2559,1383,518,383,1075,1766,1616,1320
HARLEM 148 ST,0,959,1373,813,710,215,59,262,700,759,497,260,73,170,528,731,1398,721,256,96,345,567,826,683
3 AV-149 ST,319,4632,6795,7165,5545,1612,428,2005,3818,4841,3314,1831,327,726,2152,1946,2362,1231,518,564,1598,2105,2426,1496
JACKSON AV,133,1400,1090,972,885,426,59,571,792,811,629,357,54,118,209,265,327,182,42,42,85,117,106,135
PROSPECT AV,209,1814,1388,1375,1273,621,79,714,1139,1269,957,591,100,216,333,509,628,381,76,76,147,190,198,238
INTERVALE AV,87,775,728,824,626,262,46,316,430,508,407,260,192,450,541,792,881,511,101,200,264,318,336,330
SIMPSON ST,232,2179,1747,1789,1796,792,83,854,1370,1590,1217,683,107,231,315,628,735,360,57,98,205,353,390,314
FREEMAN ST,137,1393,1098,989,766,353,71,520,683,775,559,414,324,472,539,933,1235,865,175,179,183,267,386,455
174 ST,206,1697,1742,1469,1258,545,81,744,1099,1190,843,583,367,638,1075,1297,1691,1060,193,366,596,825,1019,888
WEST FARMS SQ,240,1776,1723,1824,1437,630,138,728,1077,1248,980,562,267,567,652,809,1055,707,143,302,523,711,803,621
E 180 ST,231,2549,1936,1476,1103,530,146,1046,1332,1546,1285,674,363,510,991,1576,1999,1184,297,476,744,1278,1619,1217
BRONX PARK EAST,90,905,697,535,354,162,41,285,405,416,333,197,48,140,168,242,353,188,25,69,130,179,186,134
PELHAM PKWY,333,3653,2952,2683,2292,1012,121,1048,1607,2020,1666,904,295,709,1117,1372,1849,1024,136,344,614,878,919,658
ALLERTON AV,174,1662,1378,1105,825,395,85,687,989,1001,796,455,97,191,299,454,618,375,56,130,290,389,394,293
BURKE AV,128,1219,916,601,423,218,56,423,530,542,434,244,88,97,123,265,407,259,49,66,119,182,204,188
GUN HILL RD,376,4329,3390,2760,2070,935,186,1233,1793,1930,1575,975,533,1177,1537,2081,2989,1682,317,562,1162,1456,1472,1293
219 ST,129,1241,946,595,452,245,59,414,547,560,461,331,80,214,249,357,505,304,31,78,170,233,300,237
225 ST,139,1488,1175,867,647,298,58,549,771,765,582,334,124,200,252,416,677,424,66,101,178,288,360,301
233 ST,165,1683,1277,1035,753,372,80,541,825,892,691,391,95,142,235,374,531,294,40,100,172,238,262,243
NEREID AV,108,1287,970,703,545,258,40,359,542,531,418,261,58,144,215,300,482,233,45,88,145,187,218,153
WAKEFIELD/241,266,1668,1288,1061,933,480,140,663,857,929,785,566,398,679,678,1137,1737,1098,254,458,589,826,1095,904
3 AV 138 ST,208,2221,1928,1952,1600,625,98,853,1322,1545,1036,544,283,662,832,1304,1588,1006,215,306,474,842,1009,893
BROOK AV,156,1591,1450,1508,1171,484,86,674,1120,1390,951,429,326,787,846,1277,1500,974,220,394,643,933,1048,824
CYPRESS AV,127,951,817,1053,918,398,58,408,590,833,594,310,144,605,516,511,617,373,71,278,316,328,428,308
E 143/ST MARY'S,19,166,170,317,253,68,7,68,119,177,130,70,31,297,240,190,196,101,17,109,119,147,144,88
E 149 ST,157,1479,1318,1226,868,388,96,617,886,1046,666,381,252,637,641,1013,1277,832,171,328,444,718,935,742
LONGWOOD AV,113,965,874,960,760,318,45,341,532,702,524,270,175,577,563,674,792,511,116,251,317,433,522,440
HUNTS POINT AV,333,3032,2769,2505,1883,833,135,1053,1512,1834,1299,690,448,1356,1336,1916,2408,1269,275,509,795,1319,1588,1081
WHITLOCK AV,44,568,575,462,356,118,35,219,349,416,231,147,100,192,285,444,747,348,210,97,185,348,494,364
ELDER AV,248,2281,1624,1338,871,359,111,1037,1272,1213,812,442,466,443,758,1339,2075,1339,311,375,596,996,1332,1139
MORISN AV/SNDVW,125,2483,1868,1277,842,361,122,967,1277,1184,876,518,388,328,596,1179,2100,1165,562,236,521,829,1327,991
ST LAWRENCE AV,66,1512,1206,741,490,271,69,585,844,819,516,301,294,202,422,785,1619,803,401,175,355,602,952,730
PARKCHESTER,489,6061,4516,3004,1884,849,181,1800,2777,2853,1860,900,923,1059,1645,3850,6593,3451,657,815,1246,2109,3057,2431
CASTLE HILL AV,99,2241,2002,1319,955,445,136,667,1111,1267,835,461,353,441,777,1256,2774,1221,488,291,683,1010,1501,984
ZEREGA AV,74,853,713,596,407,160,24,241,398,423,279,137,127,400,405,550,785,452,75,162,197,263,387,315
WESTCHESTER SQ,76,1549,1456,1556,1614,432,139,425,780,1077,770,371,189,621,1289,1183,1756,762,318,317,731,2212,921,607
MIDDLETOWN RD,56,931,559,373,239,103,18,148,207,270,200,108,83,187,242,471,794,380,56,89,169,262,248,185
BUHRE AV,81,1628,1051,604,383,149,35,302,478,500,353,191,163,252,331,836,1486,734,108,156,261,419,524,406
PELHAM BAY PARK,121,2693,1952,1302,1287,581,178,523,952,1222,1380,861,129,419,756,1055,1587,678,203,290,828,1027,943,537
5 AVE,183,171,946,2598,8254,2311,386,99,473,1529,2156,1166,42,1535,6131,2097,1835,490,85,376,1503,1606,1136,496
VERNON-JACKSON,220,2225,7058,2453,3490,1397,328,527,2235,3106,2834,1759,214,1311,1825,1789,4649,2190,442,494,1407,2215,2614,1716
HUNTERS PT AV,199,2354,1502,1830,1664,613,122,275,319,491,365,173,182,1644,1113,1105,1753,634,120,371,283,344,358,241
QUEENSBORO PLZ,282,1152,3339,3087,4719,1165,390,753,2308,2803,2486,1155,130,782,1091,564,1076,725,209,278,448,554,584,638
39 AV,55,286,769,477,1087,207,60,154,580,591,660,205,55,291,647,392,437,376,79,113,197,206,334,295
36 AV,91,1218,2356,1011,1475,410,189,397,1162,1473,1145,549,215,483,1061,1006,1674,1020,276,188,548,778,1013,772
30 AV,150,3019,6026,2023,2297,738,228,752,2355,2753,2024,1019,532,652,1261,1552,4386,3140,948,360,897,1407,2092,1590
ASTORIA BLVD,99,2767,5392,1855,1734,557,332,655,1823,2056,1903,1436,369,474,718,1215,3780,2353,624,275,599,1241,2145,1642
ASTORIA DITMARS,130,3998,7326,2589,2428,813,279,774,2554,2973,2096,1259,592,724,1232,2204,6463,3762,1036,389,1021,1718,2806,1970
33 ST-RAWSON ST,75,422,1778,3875,5656,1543,122,120,634,1087,758,277,91,1842,3910,1819,1519,316,99,486,1139,517,273,182
40 ST LOWERY ST,79,2008,3951,2035,2377,661,157,429,1371,1474,1130,553,299,894,1283,1683,3229,1940,542,301,797,1080,1601,1311
46 ST BLISS ST,191,3027,4781,2444,2594,858,264,987,2334,2375,2024,825,444,894,1128,1671,3616,2378,663,429,747,1073,1708,1660
52 ST,140,1871,1798,1332,1000,474,48,476,891,918,734,418,406,374,615,1065,2237,1571,208,196,332,635,1001,1028
61 ST WOODSIDE,392,5165,4869,3292,2772,1276,182,2000,3419,3585,2710,1419,933,1421,1919,3778,6421,3843,493,1299,2424,3674,3954,2893
69 ST,122,1333,1296,1054,816,358,43,374,660,734,574,307,280,440,606,1036,1558,1006,148,282,452,596,730,747
74 ST-BROADWAY,71,363,742,732,852,472,96,167,568,832,818,592,153,236,665,1033,1914,798,255,220,752,1168,1344,987
82 ST-JACKSON H,204,3012,4174,3644,3834,1353,307,1402,3107,3726,3147,1411,638,991,3109,3658,6369,2974,1251,640,2393,3776,4102,2891
90 ST-ELMHURST,213,5350,4916,2990,2798,1024,219,2492,3886,3335,2536,1125,458,391,1034,1488,2964,1686,620,319,985,1582,1835,1418
JUNCTION BLVD,199,7410,6068,3488,3161,1219,298,3861,4636,4006,3111,1388,830,678,1675,2784,8608,3367,1387,613,1714,3254,4350,2848
103 ST-CORONA,216,7504,5563,3410,2753,1139,258,3662,4327,3343,2522,1390,996,643,1513,2365,5617,3171,1422,563,1496,2157,3875,2921
METS-WILLETS PT,2141,696,552,782,1336,6598,22,91,463,1001,1186,621,104,406,581,1310,6745,2367,24,305,905,1346,825,235
FLUSHING-MAIN,592,13735,16995,10355,11646,5087,769,4215,10336,10892,9763,5866,1237,3407,6909,7390,17459,8673,1815,2396,6559,7570,9523,6929
34 ST-HUDSON YD,133,387,1314,3206,4859,953,253,156,629,1754,1990,932,81,2576,4800,1766,1776,684,127,816,1829,2330,1500,729
CLARK ST,85,596,2169,1151,1656,749,220,183,1109,2063,2301,1654,64,295,753,752,1476,826,160,113,637,1107,1144,666
HOYT ST,99,342,1504,2137,3403,1033,221,154,816,1689,1874,1062,60,785,2215,1470,1791,500,176,308,1313,1877,1793,848
NEVINS ST,168,837,2408,2549,3398,1123,312,198,763,1426,1493,986,140,1510,2737,1906,3123,957,214,343,1037,1356,1162,665
GRAND ARMY PLAZ,46,902,3138,1417,1844,584,112,139,1025,1554,1565,860,37,215,572,579,1073,464,83,65,406,690,669,364
EASTN PKWY-MUSM,42,631,1782,927,1123,330,101,169,714,1651,1467,490,131,181,744,939,1693,986,246,98,895,1450,1016,694
KINGSTON AV,63,916,1646,1042,940,272,44,218,683,692,502,345,191,254,689,712,1422,881,245,89,343,453,578,648
CROWN HTS-UTICA,468,9055,10720,5451,4570,2022,728,3762,6900,6870,4764,2846,964,1079,2065,4254,9830,4608,2025,894,2014,3302,5691,4617
SUTTER AV-RUTLD,0,0,0,0,0,0,0,0,0,0,0,0,0,0,0,0,0,0,0,0,0,0,0,0
SARATOGA AV,73,2335,1794,1053,879,335,9,0,0,0,0,0,261,303,730,1195,2724,1145,17,1,9,4,1,0
JUNIUS ST,0,0,0,0,0,0,0,0,0,0,0,0,0,0,0,0,0,0,0,0,0,0,0,0
PENNSYLVANIA AV,58,1216,1193,958,789,256,0,0,0,2,0,0,80,188,364,500,796,329,5,6,1,0,0,0
NEW LOTS AV,177,2080,1688,1195,1008,420,2,0,0,1,0,1,305,459,824,1168,2532,1156,2,1,0,0,0,0
PRESIDENT ST,33,772,1464,873,748,233,55,169,563,624,470,279,159,359,715,811,1660,745,291,95,377,620,686,667
STERLING ST,54,1320,2222,1088,967,320,74,359,965,1054,716,380,120,181,401,618,1492,662,307,82,257,420,584,500
WINTHROP ST,111,1677,1717,1845,1634,551,64,463,809,971,734,365,64,307,314,304,397,208,28,66,148,210,203,162
BEVERLY RD,48,1447,1501,788,586,283,63,412,733,723,492,276,43,51,114,164,297,146,43,17,112,125,169,134
NEWKIRK AV,221,2777,2169,1382,896,426,85,824,1099,1105,774,457,261,343,517,1134,1833,1004,167,192,350,646,801,684
FLATBUSH AV-B.C,489,6953,5532,3869,2903,1268,181,1492,2316,2652,2140,1293,543,838,1466,2631,4141,2142,273,401,807,1281,1473,1250
MORRIS PARK,25,1141,720,426,286,99,0,116,166,193,133,50,112,134,249,574,1050,565,21,56,98,198,315,226
BAYCHESTER AV,76,1420,1010,774,501,181,29,229,336,375,286,158,37,53,100,152,219,144,17,20,37,80,88,80
EASTCHSTER/DYRE,106,1840,1231,776,630,254,25,218,364,422,343,207,187,599,535,1004,1664,859,72,218,301,437,505,394
ST. GEORGE,202,3744,2777,1644,5713,979,402,484,876,1284,1316,861,0,0,0,0,0,0,0,0,0,0,0,0
TOMPKINSVILLE,34,131,198,192,174,87,10,100,152,133,132,95,0,0,0,0,0,0,0,0,0,0,0,0
RIT-MANHATTAN,109,139,401,688,1485,742,62,85,612,1283,1284,757,4,3,219,81,11,4,2,2,10,12,12,9
RIT-ROOSEVELT,54,742,960,688,540,276,11,143,793,1235,1280,605,4,3,13,13,13,7,1,1,3,18,29,21
